,num,date,event_cnt,holidays_desc1,holidays_desc2,holidays_desc3,holidays_desc4,type1,locale1,locale_name1,description1,transferred1,type2,locale2,locale_name2,description2,transferred2,type3,locale3,locale_name3,description3,transferred3,type4,locale4,locale_name4,description4,transferred4
0,1,2012-03-02,1,Holiday_Local_Manta_Fundacion de Manta_false,,,,Holiday,Local,Manta,Fundacion de Manta,False,,,,,,,,,,,,,,,
1,2,2012-04-01,1,Holiday_Regional_Cotopaxi_Provincializacion de Cotopaxi_false,,,,Holiday,Regional,Cotopaxi,Provincializacion de Cotopaxi,False,,,,,,,,,,,,,,,
2,3,2012-04-12,1,Holiday_Local_Cuenca_Fundacion de Cuenca_false,,,,Holiday,Local,Cuenca,Fundacion de Cuenca,False,,,,,,,,,,,,,,,
3,4,2012-04-14,1,Holiday_Local_Libertad_Cantonizacion de Libertad_false,,,,Holiday,Local,Libertad,Cantonizacion de Libertad,False,,,,,,,,,,,,,,,
4,5,2012-04-21,1,Holiday_Local_Riobamba_Cantonizacion de Riobamba_false,,,,Holiday,Local,Riobamba,Cantonizacion de Riobamba,False,,,,,,,,,,,,,,,
5,6,2012-05-12,1,Holiday_Local_Puyo_Cantonizacion del Puyo_false,,,,Holiday,Local,Puyo,Cantonizacion del Puyo,False,,,,,,,,,,,,,,,
6,7,2012-06-23,1,Holiday_Local_Guaranda_Cantonizacion de Guaranda_false,,,,Holiday,Local,Guaranda,Cantonizacion de Guaranda,False,,,,,,,,,,,,,,,
7,8,2012-06-25,3,Holiday_Regional_Imbabura_Provincializacion de Imbabura_false,Holiday_Local_Latacunga_Cantonizacion de Latacunga_false,Holiday_Local_Machala_Fundacion de Machala_false,,Holiday,Regional,Imbabura,Provincializacion de Imbabura,False,Holiday,Local,Latacunga,Cantonizacion de Latacunga,False,Holiday,Local,Machala,Fundacion de Machala,False,,,,,
8,9,2012-07-03,2,Holiday_Local_Santo Domingo_Fundacion de Santo Domingo_false,Holiday_Local_El Carmen_Cantonizacion de El Carmen_false,,,Holiday,Local,Santo Domingo,Fundacion de Santo Domingo,False,Holiday,Local,El Carmen,Cantonizacion de El Carmen,False,,,,,,,,,,
9,10,2012-07-23,1,Holiday_Local_Cayambe_Cantonizacion de Cayambe_false,,,,Holiday,Local,Cayambe,Cantonizacion de Cayambe,False,,,,,,,,,,,,,,,
10,11,2012-08-05,1,Holiday_Local_Esmeraldas_Fundacion de Esmeraldas_false,,,,Holiday,Local,Esmeraldas,Fundacion de Esmeraldas,False,,,,,,,,,,,,,,,
11,12,2012-08-10,1,Holiday_National_Ecuador_Primer Grito de Independencia_false,,,,Holiday,National,Ecuador,Primer Grito de Independencia,False,,,,,,,,,,,,,,,
12,13,2012-08-15,1,Holiday_Local_Riobamba_Fundacion de Riobamba_false,,,,Holiday,Local,Riobamba,Fundacion de Riobamba,False,,,,,,,,,,,,,,,
13,14,2012-08-24,1,Holiday_Local_Ambato_Fundacion de Ambato_false,,,,Holiday,Local,Ambato,Fundacion de Ambato,False,,,,,,,,,,,,,,,
14,15,2012-09-28,1,Holiday_Local_Ibarra_Fundacion de Ibarra_false,,,,Holiday,Local,Ibarra,Fundacion de Ibarra,False,,,,,,,,,,,,,,,
15,16,2012-10-07,1,Holiday_Local_Quevedo_Cantonizacion de Quevedo_false,,,,Holiday,Local,Quevedo,Cantonizacion de Quevedo,False,,,,,,,,,,,,,,,
16,17,2012-10-09,1,Holiday_National_Ecuador_Independencia de Guayaquil_true,,,,Holiday,National,Ecuador,Independencia de Guayaquil,True,,,,,,,,,,,,,,,
17,18,2012-10-12,1,Transfer_National_Ecuador_Traslado Independencia de Guayaquil_false,,,,Transfer,National,Ecuador,Traslado Independencia de Guayaquil,False,,,,,,,,,,,,,,,
18,19,2012-11-02,1,Holiday_National_Ecuador_Dia de Difuntos_false,,,,Holiday,National,Ecuador,Dia de Difuntos,False,,,,,,,,,,,,,,,
19,20,2012-11-03,1,Holiday_National_Ecuador_Independencia de Cuenca_false,,,,Holiday,National,Ecuador,Independencia de Cuenca,False,,,,,,,,,,,,,,,
20,21,2012-11-06,1,Holiday_Regional_Santo Domingo de los Tsachilas_Provincializacion de Santo Domingo_false,,,,Holiday,Regional,Santo Domingo de los Tsachilas,Provincializacion de Santo Domingo,False,,,,,,,,,,,,,,,
21,22,2012-11-07,1,Holiday_Regional_Santa Elena_Provincializacion Santa Elena_false,,,,Holiday,Regional,Santa Elena,Provincializacion Santa Elena,False,,,,,,,,,,,,,,,
22,23,2012-11-10,1,Holiday_Local_Guaranda_Independencia de Guaranda_false,,,,Holiday,Local,Guaranda,Independencia de Guaranda,False,,,,,,,,,,,,,,,
23,24,2012-11-11,1,Holiday_Local_Latacunga_Independencia de Latacunga_false,,,,Holiday,Local,Latacunga,Independencia de Latacunga,False,,,,,,,,,,,,,,,
24,25,2012-11-12,1,Holiday_Local_Ambato_Independencia de Ambato_false,,,,Holiday,Local,Ambato,Independencia de Ambato,False,,,,,,,,,,,,,,,
25,26,2012-12-05,1,Additional_Local_Quito_Fundacion de Quito-1_false,,,,Additional,Local,Quito,Fundacion de Quito-1,False,,,,,,,,,,,,,,,
26,27,2012-12-06,1,Holiday_Local_Quito_Fundacion de Quito_false,,,,Holiday,Local,Quito,Fundacion de Quito,False,,,,,,,,,,,,,,,
27,28,2012-12-08,1,Holiday_Local_Loja_Fundacion de Loja_false,,,,Holiday,Local,Loja,Fundacion de Loja,False,,,,,,,,,,,,,,,
28,29,2012-12-21,1,Additional_National_Ecuador_Navidad-4_false,,,,Additional,National,Ecuador,Navidad-4,False,,,,,,,,,,,,,,,
29,30,2012-12-22,2,Holiday_Local_Salinas_Cantonizacion de Salinas_false,Additional_National_Ecuador_Navidad-3_false,,,Holiday,Local,Salinas,Cantonizacion de Salinas,False,Additional,National,Ecuador,Navidad-3,False,,,,,,,,,,
30,31,2012-12-23,1,Additional_National_Ecuador_Navidad-2_false,,,,Additional,National,Ecuador,Navidad-2,False,,,,,,,,,,,,,,,
31,32,2012-12-24,2,Bridge_National_Ecuador_Puente Navidad_false,Additional_National_Ecuador_Navidad-1_false,,,Bridge,National,Ecuador,Puente Navidad,False,Additional,National,Ecuador,Navidad-1,False,,,,,,,,,,
32,33,2012-12-25,1,Holiday_National_Ecuador_Navidad_false,,,,Holiday,National,Ecuador,Navidad,False,,,,,,,,,,,,,,,
33,34,2012-12-26,1,Additional_National_Ecuador_Navidad+1_false,,,,Additional,National,Ecuador,Navidad+1,False,,,,,,,,,,,,,,,
34,35,2012-12-31,2,Bridge_National_Ecuador_Puente Primer dia del ano_false,Additional_National_Ecuador_Primer dia del ano-1_false,,,Bridge,National,Ecuador,Puente Primer dia del ano,False,Additional,National,Ecuador,Primer dia del ano-1,False,,,,,,,,,,
35,36,2013-01-01,1,Holiday_National_Ecuador_Primer dia del ano_false,,,,Holiday,National,Ecuador,Primer dia del ano,False,,,,,,,,,,,,,,,
36,37,2013-01-05,1,Work Day_National_Ecuador_Recupero puente Navidad_false,,,,Work Day,National,Ecuador,Recupero puente Navidad,False,,,,,,,,,,,,,,,
37,38,2013-01-12,1,Work Day_National_Ecuador_Recupero puente primer dia del ano_false,,,,Work Day,National,Ecuador,Recupero puente primer dia del ano,False,,,,,,,,,,,,,,,
38,39,2013-02-11,1,Holiday_National_Ecuador_Carnaval_false,,,,Holiday,National,Ecuador,Carnaval,False,,,,,,,,,,,,,,,
39,40,2013-02-12,1,Holiday_National_Ecuador_Carnaval_false,,,,Holiday,National,Ecuador,Carnaval,False,,,,,,,,,,,,,,,
40,41,2013-03-02,1,Holiday_Local_Manta_Fundacion de Manta_false,,,,Holiday,Local,Manta,Fundacion de Manta,False,,,,,,,,,,,,,,,
41,42,2013-04-01,1,Holiday_Regional_Cotopaxi_Provincializacion de Cotopaxi_false,,,,Holiday,Regional,Cotopaxi,Provincializacion de Cotopaxi,False,,,,,,,,,,,,,,,
42,43,2013-04-12,1,Holiday_Local_Cuenca_Fundacion de Cuenca_false,,,,Holiday,Local,Cuenca,Fundacion de Cuenca,False,,,,,,,,,,,,,,,
43,44,2013-04-14,1,Holiday_Local_Libertad_Cantonizacion de Libertad_false,,,,Holiday,Local,Libertad,Cantonizacion de Libertad,False,,,,,,,,,,,,,,,
44,45,2013-04-21,1,Holiday_Local_Riobamba_Cantonizacion de Riobamba_false,,,,Holiday,Local,Riobamba,Cantonizacion de Riobamba,False,,,,,,,,,,,,,,,
45,46,2013-04-29,1,Holiday_National_Ecuador_Viernes Santo_false,,,,Holiday,National,Ecuador,Viernes Santo,False,,,,,,,,,,,,,,,
46,47,2013-05-01,1,Holiday_National_Ecuador_Dia del Trabajo_false,,,,Holiday,National,Ecuador,Dia del Trabajo,False,,,,,,,,,,,,,,,
47,48,2013-05-11,1,Additional_National_Ecuador_Dia de la Madre-1_false,,,,Additional,National,Ecuador,Dia de la Madre-1,False,,,,,,,,,,,,,,,
48,49,2013-05-12,2,Holiday_Local_Puyo_Cantonizacion del Puyo_false,Event_National_Ecuador_Dia de la Madre_false,,,Holiday,Local,Puyo,Cantonizacion del Puyo,False,Event,National,Ecuador,Dia de la Madre,False,,,,,,,,,,
49,50,2013-05-24,1,Holiday_National_Ecuador_Batalla de Pichincha_false,,,,Holiday,National,Ecuador,Batalla de Pichincha,False,,,,,,,,,,,,,,,
50,51,2013-06-23,1,Holiday_Local_Guaranda_Cantonizacion de Guaranda_false,,,,Holiday,Local,Guaranda,Cantonizacion de Guaranda,False,,,,,,,,,,,,,,,
51,52,2013-06-25,3,Holiday_Regional_Imbabura_Provincializacion de Imbabura_false,Holiday_Local_Machala_Fundacion de Machala_false,Holiday_Local_Latacunga_Cantonizacion de Latacunga_false,,Holiday,Regional,Imbabura,Provincializacion de Imbabura,False,Holiday,Local,Machala,Fundacion de Machala,False,Holiday,Local,Latacunga,Cantonizacion de Latacunga,False,,,,,
52,53,2013-07-03,2,Holiday_Local_El Carmen_Cantonizacion de El Carmen_false,Holiday_Local_Santo Domingo_Fundacion de Santo Domingo_false,,,Holiday,Local,El Carmen,Cantonizacion de El Carmen,False,Holiday,Local,Santo Domingo,Fundacion de Santo Domingo,False,,,,,,,,,,
53,54,2013-07-23,1,Holiday_Local_Cayambe_Cantonizacion de Cayambe_false,,,,Holiday,Local,Cayambe,Cantonizacion de Cayambe,False,,,,,,,,,,,,,,,
54,55,2013-07-24,1,Additional_Local_Guayaquil_Fundacion de Guayaquil-1_false,,,,Additional,Local,Guayaquil,Fundacion de Guayaquil-1,False,,,,,,,,,,,,,,,
55,56,2013-07-25,1,Holiday_Local_Guayaquil_Fundacion de Guayaquil_false,,,,Holiday,Local,Guayaquil,Fundacion de Guayaquil,False,,,,,,,,,,,,,,,
56,57,2013-08-05,1,Holiday_Local_Esmeraldas_Fundacion de Esmeraldas_false,,,,Holiday,Local,Esmeraldas,Fundacion de Esmeraldas,False,,,,,,,,,,,,,,,
57,58,2013-08-10,1,Holiday_National_Ecuador_Primer Grito de Independencia_false,,,,Holiday,National,Ecuador,Primer Grito de Independencia,False,,,,,,,,,,,,,,,
58,59,2013-08-15,1,Holiday_Local_Riobamba_Fundacion de Riobamba_false,,,,Holiday,Local,Riobamba,Fundacion de Riobamba,False,,,,,,,,,,,,,,,
59,60,2013-08-24,1,Holiday_Local_Ambato_Fundacion de Ambato_false,,,,Holiday,Local,Ambato,Fundacion de Ambato,False,,,,,,,,,,,,,,,
60,61,2013-09-28,1,Holiday_Local_Ibarra_Fundacion de Ibarra_false,,,,Holiday,Local,Ibarra,Fundacion de Ibarra,False,,,,,,,,,,,,,,,
61,62,2013-10-07,1,Holiday_Local_Quevedo_Cantonizacion de Quevedo_false,,,,Holiday,Local,Quevedo,Cantonizacion de Quevedo,False,,,,,,,,,,,,,,,
62,63,2013-10-09,1,Holiday_National_Ecuador_Independencia de Guayaquil_true,,,,Holiday,National,Ecuador,Independencia de Guayaquil,True,,,,,,,,,,,,,,,
63,64,2013-10-11,1,Transfer_National_Ecuador_Traslado Independencia de Guayaquil_false,,,,Transfer,National,Ecuador,Traslado Independencia de Guayaquil,False,,,,,,,,,,,,,,,
64,65,2013-11-02,1,Holiday_National_Ecuador_Dia de Difuntos_false,,,,Holiday,National,Ecuador,Dia de Difuntos,False,,,,,,,,,,,,,,,
65,66,2013-11-03,1,Holiday_National_Ecuador_Independencia de Cuenca_false,,,,Holiday,National,Ecuador,Independencia de Cuenca,False,,,,,,,,,,,,,,,
66,67,2013-11-06,1,Holiday_Regional_Santo Domingo de los Tsachilas_Provincializacion de Santo Domingo_false,,,,Holiday,Regional,Santo Domingo de los Tsachilas,Provincializacion de Santo Domingo,False,,,,,,,,,,,,,,,
67,68,2013-11-07,1,Holiday_Regional_Santa Elena_Provincializacion Santa Elena_false,,,,Holiday,Regional,Santa Elena,Provincializacion Santa Elena,False,,,,,,,,,,,,,,,
68,69,2013-11-10,1,Holiday_Local_Guaranda_Independencia de Guaranda_false,,,,Holiday,Local,Guaranda,Independencia de Guaranda,False,,,,,,,,,,,,,,,
69,70,2013-11-11,1,Holiday_Local_Latacunga_Independencia de Latacunga_false,,,,Holiday,Local,Latacunga,Independencia de Latacunga,False,,,,,,,,,,,,,,,
70,71,2013-11-12,1,Holiday_Local_Ambato_Independencia de Ambato_false,,,,Holiday,Local,Ambato,Independencia de Ambato,False,,,,,,,,,,,,,,,
71,72,2013-12-05,1,Additional_Local_Quito_Fundacion de Quito-1_false,,,,Additional,Local,Quito,Fundacion de Quito-1,False,,,,,,,,,,,,,,,
72,73,2013-12-06,1,Holiday_Local_Quito_Fundacion de Quito_false,,,,Holiday,Local,Quito,Fundacion de Quito,False,,,,,,,,,,,,,,,
73,74,2013-12-08,1,Holiday_Local_Loja_Fundacion de Loja_false,,,,Holiday,Local,Loja,Fundacion de Loja,False,,,,,,,,,,,,,,,
74,75,2013-12-21,1,Additional_National_Ecuador_Navidad-4_false,,,,Additional,National,Ecuador,Navidad-4,False,,,,,,,,,,,,,,,
75,76,2013-12-22,2,Additional_National_Ecuador_Navidad-3_false,Holiday_Local_Salinas_Cantonizacion de Salinas_false,,,Additional,National,Ecuador,Navidad-3,False,Holiday,Local,Salinas,Cantonizacion de Salinas,False,,,,,,,,,,
76,77,2013-12-23,1,Additional_National_Ecuador_Navidad-2_false,,,,Additional,National,Ecuador,Navidad-2,False,,,,,,,,,,,,,,,
77,78,2013-12-24,1,Additional_National_Ecuador_Navidad-1_false,,,,Additional,National,Ecuador,Navidad-1,False,,,,,,,,,,,,,,,
78,79,2013-12-25,1,Holiday_National_Ecuador_Navidad_false,,,,Holiday,National,Ecuador,Navidad,False,,,,,,,,,,,,,,,
79,80,2013-12-26,1,Additional_National_Ecuador_Navidad+1_false,,,,Additional,National,Ecuador,Navidad+1,False,,,,,,,,,,,,,,,
80,81,2013-12-31,1,Additional_National_Ecuador_Primer dia del ano-1_false,,,,Additional,National,Ecuador,Primer dia del ano-1,False,,,,,,,,,,,,,,,
81,82,2014-01-01,1,Holiday_National_Ecuador_Primer dia del ano_false,,,,Holiday,National,Ecuador,Primer dia del ano,False,,,,,,,,,,,,,,,
82,83,2014-03-02,1,Holiday_Local_Manta_Fundacion de Manta_false,,,,Holiday,Local,Manta,Fundacion de Manta,False,,,,,,,,,,,,,,,
83,84,2014-03-03,1,Holiday_National_Ecuador_Carnaval_false,,,,Holiday,National,Ecuador,Carnaval,False,,,,,,,,,,,,,,,
84,85,2014-03-04,1,Holiday_National_Ecuador_Carnaval_false,,,,Holiday,National,Ecuador,Carnaval,False,,,,,,,,,,,,,,,
85,86,2014-04-01,1,Holiday_Regional_Cotopaxi_Provincializacion de Cotopaxi_false,,,,Holiday,Regional,Cotopaxi,Provincializacion de Cotopaxi,False,,,,,,,,,,,,,,,
86,87,2014-04-12,1,Holiday_Local_Cuenca_Fundacion de Cuenca_false,,,,Holiday,Local,Cuenca,Fundacion de Cuenca,False,,,,,,,,,,,,,,,
87,88,2014-04-14,1,Holiday_Local_Libertad_Cantonizacion de Libertad_false,,,,Holiday,Local,Libertad,Cantonizacion de Libertad,False,,,,,,,,,,,,,,,
88,89,2014-04-18,1,Holiday_National_Ecuador_Viernes Santo_false,,,,Holiday,National,Ecuador,Viernes Santo,False,,,,,,,,,,,,,,,
89,90,2014-04-21,1,Holiday_Local_Riobamba_Cantonizacion de Riobamba_false,,,,Holiday,Local,Riobamba,Cantonizacion de Riobamba,False,,,,,,,,,,,,,,,
90,91,2014-05-01,1,Holiday_National_Ecuador_Dia del Trabajo_false,,,,Holiday,National,Ecuador,Dia del Trabajo,False,,,,,,,,,,,,,,,
91,92,2014-05-10,1,Additional_National_Ecuador_Dia de la Madre-1_false,,,,Additional,National,Ecuador,Dia de la Madre-1,False,,,,,,,,,,,,,,,
92,93,2014-05-11,1,Event_National_Ecuador_Dia de la Madre_false,,,,Event,National,Ecuador,Dia de la Madre,False,,,,,,,,,,,,,,,
93,94,2014-05-12,1,Holiday_Local_Puyo_Cantonizacion del Puyo_false,,,,Holiday,Local,Puyo,Cantonizacion del Puyo,False,,,,,,,,,,,,,,,
94,95,2014-05-24,1,Holiday_National_Ecuador_Batalla de Pichincha_false,,,,Holiday,National,Ecuador,Batalla de Pichincha,False,,,,,,,,,,,,,,,
95,96,2014-06-12,1,Event_National_Ecuador_Inauguracion Mundial de futbol Brasil_false,,,,Event,National,Ecuador,Inauguracion Mundial de futbol Brasil,False,,,,,,,,,,,,,,,
96,97,2014-06-15,1,Event_National_Ecuador_Mundial de futbol Brasil: Ecuador-Suiza_false,,,,Event,National,Ecuador,Mundial de futbol Brasil: Ecuador-Suiza,False,,,,,,,,,,,,,,,
97,98,2014-06-20,1,Event_National_Ecuador_Mundial de futbol Brasil: Ecuador-Honduras_false,,,,Event,National,Ecuador,Mundial de futbol Brasil: Ecuador-Honduras,False,,,,,,,,,,,,,,,
98,99,2014-06-23,1,Holiday_Local_Guaranda_Cantonizacion de Guaranda_false,,,,Holiday,Local,Guaranda,Cantonizacion de Guaranda,False,,,,,,,,,,,,,,,
99,100,2014-06-25,4,Holiday_Local_Latacunga_Cantonizacion de Latacunga_false,Holiday_Local_Machala_Fundacion de Machala_false,Holiday_Regional_Imbabura_Provincializacion de Imbabura_false,Event_National_Ecuador_Mundial de futbol Brasil: Ecuador-Francia_false,Holiday,Local,Latacunga,Cantonizacion de Latacunga,False,Holiday,Local,Machala,Fundacion de Machala,False,Holiday,Regional,Imbabura,Provincializacion de Imbabura,False,Event,National,Ecuador,Mundial de futbol Brasil: Ecuador-Francia,False
100,101,2014-06-28,1,Event_National_Ecuador_Mundial de futbol Brasil: Octavos de Final_false,,,,Event,National,Ecuador,Mundial de futbol Brasil: Octavos de Final,False,,,,,,,,,,,,,,,
101,102,2014-06-29,1,Event_National_Ecuador_Mundial de futbol Brasil: Octavos de Final_false,,,,Event,National,Ecuador,Mundial de futbol Brasil: Octavos de Final,False,,,,,,,,,,,,,,,
102,103,2014-06-30,1,Event_National_Ecuador_Mundial de futbol Brasil: Octavos de Final_false,,,,Event,National,Ecuador,Mundial de futbol Brasil: Octavos de Final,False,,,,,,,,,,,,,,,
103,104,2014-07-01,1,Event_National_Ecuador_Mundial de futbol Brasil: Octavos de Final_false,,,,Event,National,Ecuador,Mundial de futbol Brasil: Octavos de Final,False,,,,,,,,,,,,,,,
104,105,2014-07-03,2,Holiday_Local_El Carmen_Cantonizacion de El Carmen_false,Holiday_Local_Santo Domingo_Fundacion de Santo Domingo_false,,,Holiday,Local,El Carmen,Cantonizacion de El Carmen,False,Holiday,Local,Santo Domingo,Fundacion de Santo Domingo,False,,,,,,,,,,
105,106,2014-07-04,1,Event_National_Ecuador_Mundial de futbol Brasil: Cuartos de Final_false,,,,Event,National,Ecuador,Mundial de futbol Brasil: Cuartos de Final,False,,,,,,,,,,,,,,,
106,107,2014-07-05,1,Event_National_Ecuador_Mundial de futbol Brasil: Cuartos de Final_false,,,,Event,National,Ecuador,Mundial de futbol Brasil: Cuartos de Final,False,,,,,,,,,,,,,,,
107,108,2014-07-08,1,Event_National_Ecuador_Mundial de futbol Brasil: Semifinales_false,,,,Event,National,Ecuador,Mundial de futbol Brasil: Semifinales,False,,,,,,,,,,,,,,,
108,109,2014-07-09,1,Event_National_Ecuador_Mundial de futbol Brasil: Semifinales_false,,,,Event,National,Ecuador,Mundial de futbol Brasil: Semifinales,False,,,,,,,,,,,,,,,
109,110,2014-07-12,1,Event_National_Ecuador_Mundial de futbol Brasil: Tercer y cuarto lugar_false,,,,Event,National,Ecuador,Mundial de futbol Brasil: Tercer y cuarto lugar,False,,,,,,,,,,,,,,,
110,111,2014-07-13,1,Event_National_Ecuador_Mundial de futbol Brasil: Final_false,,,,Event,National,Ecuador,Mundial de futbol Brasil: Final,False,,,,,,,,,,,,,,,
111,112,2014-07-23,1,Holiday_Local_Cayambe_Cantonizacion de Cayambe_false,,,,Holiday,Local,Cayambe,Cantonizacion de Cayambe,False,,,,,,,,,,,,,,,
112,113,2014-07-24,1,Additional_Local_Guayaquil_Fundacion de Guayaquil-1_false,,,,Additional,Local,Guayaquil,Fundacion de Guayaquil-1,False,,,,,,,,,,,,,,,
113,114,2014-07-25,1,Holiday_Local_Guayaquil_Fundacion de Guayaquil_false,,,,Holiday,Local,Guayaquil,Fundacion de Guayaquil,False,,,,,,,,,,,,,,,
114,115,2014-08-05,1,Holiday_Local_Esmeraldas_Fundacion de Esmeraldas_false,,,,Holiday,Local,Esmeraldas,Fundacion de Esmeraldas,False,,,,,,,,,,,,,,,
115,116,2014-08-10,1,Holiday_National_Ecuador_Primer Grito de Independencia_false,,,,Holiday,National,Ecuador,Primer Grito de Independencia,False,,,,,,,,,,,,,,,
116,117,2014-08-15,1,Holiday_Local_Riobamba_Fundacion de Riobamba_false,,,,Holiday,Local,Riobamba,Fundacion de Riobamba,False,,,,,,,,,,,,,,,
117,118,2014-08-24,1,Holiday_Local_Ambato_Fundacion de Ambato_false,,,,Holiday,Local,Ambato,Fundacion de Ambato,False,,,,,,,,,,,,,,,
118,119,2014-09-28,1,Holiday_Local_Ibarra_Fundacion de Ibarra_false,,,,Holiday,Local,Ibarra,Fundacion de Ibarra,False,,,,,,,,,,,,,,,
119,120,2014-10-07,1,Holiday_Local_Quevedo_Cantonizacion de Quevedo_false,,,,Holiday,Local,Quevedo,Cantonizacion de Quevedo,False,,,,,,,,,,,,,,,
120,121,2014-10-09,1,Holiday_National_Ecuador_Independencia de Guayaquil_true,,,,Holiday,National,Ecuador,Independencia de Guayaquil,True,,,,,,,,,,,,,,,
121,122,2014-10-10,1,Transfer_National_Ecuador_Traslado Independencia de Guayaquil_false,,,,Transfer,National,Ecuador,Traslado Independencia de Guayaquil,False,,,,,,,,,,,,,,,
122,123,2014-11-02,1,Holiday_National_Ecuador_Dia de Difuntos_false,,,,Holiday,National,Ecuador,Dia de Difuntos,False,,,,,,,,,,,,,,,
123,124,2014-11-03,1,Holiday_National_Ecuador_Independencia de Cuenca_false,,,,Holiday,National,Ecuador,Independencia de Cuenca,False,,,,,,,,,,,,,,,
124,125,2014-11-06,1,Holiday_Regional_Santo Domingo de los Tsachilas_Provincializacion de Santo Domingo_false,,,,Holiday,Regional,Santo Domingo de los Tsachilas,Provincializacion de Santo Domingo,False,,,,,,,,,,,,,,,
125,126,2014-11-07,1,Holiday_Regional_Santa Elena_Provincializacion Santa Elena_false,,,,Holiday,Regional,Santa Elena,Provincializacion Santa Elena,False,,,,,,,,,,,,,,,
126,127,2014-11-10,1,Holiday_Local_Guaranda_Independencia de Guaranda_false,,,,Holiday,Local,Guaranda,Independencia de Guaranda,False,,,,,,,,,,,,,,,
127,128,2014-11-11,1,Holiday_Local_Latacunga_Independencia de Latacunga_false,,,,Holiday,Local,Latacunga,Independencia de Latacunga,False,,,,,,,,,,,,,,,
128,129,2014-11-12,1,Holiday_Local_Ambato_Independencia de Ambato_false,,,,Holiday,Local,Ambato,Independencia de Ambato,False,,,,,,,,,,,,,,,
129,130,2014-11-28,1,Event_National_Ecuador_Black Friday_false,,,,Event,National,Ecuador,Black Friday,False,,,,,,,,,,,,,,,
130,131,2014-12-01,1,Event_National_Ecuador_Cyber Monday_false,,,,Event,National,Ecuador,Cyber Monday,False,,,,,,,,,,,,,,,
131,132,2014-12-05,1,Additional_Local_Quito_Fundacion de Quito-1_false,,,,Additional,Local,Quito,Fundacion de Quito-1,False,,,,,,,,,,,,,,,
132,133,2014-12-06,1,Holiday_Local_Quito_Fundacion de Quito_false,,,,Holiday,Local,Quito,Fundacion de Quito,False,,,,,,,,,,,,,,,
133,134,2014-12-08,1,Holiday_Local_Loja_Fundacion de Loja_false,,,,Holiday,Local,Loja,Fundacion de Loja,False,,,,,,,,,,,,,,,
134,135,2014-12-20,1,Work Day_National_Ecuador_Recupero Puente Navidad_false,,,,Work Day,National,Ecuador,Recupero Puente Navidad,False,,,,,,,,,,,,,,,
135,136,2014-12-21,1,Additional_National_Ecuador_Navidad-4_false,,,,Additional,National,Ecuador,Navidad-4,False,,,,,,,,,,,,,,,
136,137,2014-12-22,2,Holiday_Local_Salinas_Cantonizacion de Salinas_false,Additional_National_Ecuador_Navidad-3_false,,,Holiday,Local,Salinas,Cantonizacion de Salinas,False,Additional,National,Ecuador,Navidad-3,False,,,,,,,,,,
137,138,2014-12-23,1,Additional_National_Ecuador_Navidad-2_false,,,,Additional,National,Ecuador,Navidad-2,False,,,,,,,,,,,,,,,
138,139,2014-12-24,1,Additional_National_Ecuador_Navidad-1_false,,,,Additional,National,Ecuador,Navidad-1,False,,,,,,,,,,,,,,,
139,140,2014-12-25,1,Holiday_National_Ecuador_Navidad_false,,,,Holiday,National,Ecuador,Navidad,False,,,,,,,,,,,,,,,
140,141,2014-12-26,2,Bridge_National_Ecuador_Puente Navidad_false,Additional_National_Ecuador_Navidad+1_false,,,Bridge,National,Ecuador,Puente Navidad,False,Additional,National,Ecuador,Navidad+1,False,,,,,,,,,,
141,142,2014-12-31,1,Additional_National_Ecuador_Primer dia del ano-1_false,,,,Additional,National,Ecuador,Primer dia del ano-1,False,,,,,,,,,,,,,,,
142,143,2015-01-01,1,Holiday_National_Ecuador_Primer dia del ano_false,,,,Holiday,National,Ecuador,Primer dia del ano,False,,,,,,,,,,,,,,,
143,144,2015-01-02,1,Bridge_National_Ecuador_Puente Primer dia del ano_false,,,,Bridge,National,Ecuador,Puente Primer dia del ano,False,,,,,,,,,,,,,,,
144,145,2015-01-10,1,Work Day_National_Ecuador_Recupero Puente Primer dia del ano_false,,,,Work Day,National,Ecuador,Recupero Puente Primer dia del ano,False,,,,,,,,,,,,,,,
145,146,2015-02-16,1,Holiday_National_Ecuador_Carnaval_false,,,,Holiday,National,Ecuador,Carnaval,False,,,,,,,,,,,,,,,
146,147,2015-02-17,1,Holiday_National_Ecuador_Carnaval_false,,,,Holiday,National,Ecuador,Carnaval,False,,,,,,,,,,,,,,,
147,148,2015-03-02,1,Holiday_Local_Manta_Fundacion de Manta_false,,,,Holiday,Local,Manta,Fundacion de Manta,False,,,,,,,,,,,,,,,
148,149,2015-04-01,1,Holiday_Regional_Cotopaxi_Provincializacion de Cotopaxi_false,,,,Holiday,Regional,Cotopaxi,Provincializacion de Cotopaxi,False,,,,,,,,,,,,,,,
149,150,2015-04-03,1,Holiday_National_Ecuador_Viernes Santo_false,,,,Holiday,National,Ecuador,Viernes Santo,False,,,,,,,,,,,,,,,
150,151,2015-04-12,1,Holiday_Local_Cuenca_Fundacion de Cuenca_false,,,,Holiday,Local,Cuenca,Fundacion de Cuenca,False,,,,,,,,,,,,,,,
151,152,2015-04-14,1,Holiday_Local_Libertad_Cantonizacion de Libertad_false,,,,Holiday,Local,Libertad,Cantonizacion de Libertad,False,,,,,,,,,,,,,,,
152,153,2015-04-21,1,Holiday_Local_Riobamba_Cantonizacion de Riobamba_false,,,,Holiday,Local,Riobamba,Cantonizacion de Riobamba,False,,,,,,,,,,,,,,,
153,154,2015-05-01,1,Holiday_National_Ecuador_Dia del Trabajo_false,,,,Holiday,National,Ecuador,Dia del Trabajo,False,,,,,,,,,,,,,,,
154,155,2015-05-09,1,Additional_National_Ecuador_Dia de la Madre-1_false,,,,Additional,National,Ecuador,Dia de la Madre-1,False,,,,,,,,,,,,,,,
155,156,2015-05-10,1,Event_National_Ecuador_Dia de la Madre_false,,,,Event,National,Ecuador,Dia de la Madre,False,,,,,,,,,,,,,,,
156,157,2015-05-12,1,Holiday_Local_Puyo_Cantonizacion del Puyo_false,,,,Holiday,Local,Puyo,Cantonizacion del Puyo,False,,,,,,,,,,,,,,,
157,158,2015-05-24,1,Holiday_National_Ecuador_Batalla de Pichincha_false,,,,Holiday,National,Ecuador,Batalla de Pichincha,False,,,,,,,,,,,,,,,
158,159,2015-06-23,1,Holiday_Local_Guaranda_Cantonizacion de Guaranda_false,,,,Holiday,Local,Guaranda,Cantonizacion de Guaranda,False,,,,,,,,,,,,,,,
159,160,2015-06-25,3,Holiday_Local_Machala_Fundacion de Machala_false,Holiday_Regional_Imbabura_Provincializacion de Imbabura_false,Holiday_Local_Latacunga_Cantonizacion de Latacunga_false,,Holiday,Local,Machala,Fundacion de Machala,False,Holiday,Regional,Imbabura,Provincializacion de Imbabura,False,Holiday,Local,Latacunga,Cantonizacion de Latacunga,False,,,,,
160,161,2015-07-03,2,Holiday_Local_El Carmen_Cantonizacion de El Carmen_false,Holiday_Local_Santo Domingo_Fundacion de Santo Domingo_false,,,Holiday,Local,El Carmen,Cantonizacion de El Carmen,False,Holiday,Local,Santo Domingo,Fundacion de Santo Domingo,False,,,,,,,,,,
161,162,2015-07-23,1,Holiday_Local_Cayambe_Cantonizacion de Cayambe_false,,,,Holiday,Local,Cayambe,Cantonizacion de Cayambe,False,,,,,,,,,,,,,,,
162,163,2015-07-24,1,Holiday_Local_Guayaquil_Fundacion de Guayaquil-1_false,,,,Holiday,Local,Guayaquil,Fundacion de Guayaquil-1,False,,,,,,,,,,,,,,,
163,164,2015-07-25,1,Holiday_Local_Guayaquil_Fundacion de Guayaquil_false,,,,Holiday,Local,Guayaquil,Fundacion de Guayaquil,False,,,,,,,,,,,,,,,
164,165,2015-08-05,1,Holiday_Local_Esmeraldas_Fundacion de Esmeraldas_false,,,,Holiday,Local,Esmeraldas,Fundacion de Esmeraldas,False,,,,,,,,,,,,,,,
165,166,2015-08-10,1,Holiday_National_Ecuador_Primer Grito de Independencia_false,,,,Holiday,National,Ecuador,Primer Grito de Independencia,False,,,,,,,,,,,,,,,
166,167,2015-08-15,1,Holiday_Local_Riobamba_Fundacion de Riobamba_false,,,,Holiday,Local,Riobamba,Fundacion de Riobamba,False,,,,,,,,,,,,,,,
167,168,2015-08-24,1,Holiday_Local_Ambato_Fundacion de Ambato_false,,,,Holiday,Local,Ambato,Fundacion de Ambato,False,,,,,,,,,,,,,,,
168,169,2015-09-28,1,Holiday_Local_Ibarra_Fundacion de Ibarra_false,,,,Holiday,Local,Ibarra,Fundacion de Ibarra,False,,,,,,,,,,,,,,,
169,170,2015-10-07,1,Holiday_Local_Quevedo_Cantonizacion de Quevedo_false,,,,Holiday,Local,Quevedo,Cantonizacion de Quevedo,False,,,,,,,,,,,,,,,
170,171,2015-10-09,1,Holiday_National_Ecuador_Independencia de Guayaquil_false,,,,Holiday,National,Ecuador,Independencia de Guayaquil,False,,,,,,,,,,,,,,,
171,172,2015-11-02,1,Holiday_National_Ecuador_Dia de Difuntos_false,,,,Holiday,National,Ecuador,Dia de Difuntos,False,,,,,,,,,,,,,,,
172,173,2015-11-03,1,Holiday_National_Ecuador_Independencia de Cuenca_false,,,,Holiday,National,Ecuador,Independencia de Cuenca,False,,,,,,,,,,,,,,,
173,174,2015-11-06,1,Holiday_Regional_Santo Domingo de los Tsachilas_Provincializacion de Santo Domingo_false,,,,Holiday,Regional,Santo Domingo de los Tsachilas,Provincializacion de Santo Domingo,False,,,,,,,,,,,,,,,
174,175,2015-11-07,1,Holiday_Regional_Santa Elena_Provincializacion Santa Elena_false,,,,Holiday,Regional,Santa Elena,Provincializacion Santa Elena,False,,,,,,,,,,,,,,,
175,176,2015-11-10,1,Holiday_Local_Guaranda_Independencia de Guaranda_false,,,,Holiday,Local,Guaranda,Independencia de Guaranda,False,,,,,,,,,,,,,,,
176,177,2015-11-11,1,Holiday_Local_Latacunga_Independencia de Latacunga_false,,,,Holiday,Local,Latacunga,Independencia de Latacunga,False,,,,,,,,,,,,,,,
177,178,2015-11-12,1,Holiday_Local_Ambato_Independencia de Ambato_false,,,,Holiday,Local,Ambato,Independencia de Ambato,False,,,,,,,,,,,,,,,
178,179,2015-11-27,1,Event_National_Ecuador_Black Friday_false,,,,Event,National,Ecuador,Black Friday,False,,,,,,,,,,,,,,,
179,180,2015-11-30,1,Event_National_Ecuador_Cyber Monday_false,,,,Event,National,Ecuador,Cyber Monday,False,,,,,,,,,,,,,,,
180,181,2015-12-05,1,Additional_Local_Quito_Fundacion de Quito-1_false,,,,Additional,Local,Quito,Fundacion de Quito-1,False,,,,,,,,,,,,,,,
181,182,2015-12-06,1,Holiday_Local_Quito_Fundacion de Quito_false,,,,Holiday,Local,Quito,Fundacion de Quito,False,,,,,,,,,,,,,,,
182,183,2015-12-08,1,Holiday_Local_Loja_Fundacion de Loja_false,,,,Holiday,Local,Loja,Fundacion de Loja,False,,,,,,,,,,,,,,,
183,184,2015-12-21,1,Additional_National_Ecuador_Navidad-4_false,,,,Additional,National,Ecuador,Navidad-4,False,,,,,,,,,,,,,,,
184,185,2015-12-22,2,Additional_National_Ecuador_Navidad-3_false,Holiday_Local_Salinas_Cantonizacion de Salinas_false,,,Additional,National,Ecuador,Navidad-3,False,Holiday,Local,Salinas,Cantonizacion de Salinas,False,,,,,,,,,,
185,186,2015-12-23,1,Additional_National_Ecuador_Navidad-2_false,,,,Additional,National,Ecuador,Navidad-2,False,,,,,,,,,,,,,,,
186,187,2015-12-24,1,Additional_National_Ecuador_Navidad-1_false,,,,Additional,National,Ecuador,Navidad-1,False,,,,,,,,,,,,,,,
187,188,2015-12-25,1,Holiday_National_Ecuador_Navidad_false,,,,Holiday,National,Ecuador,Navidad,False,,,,,,,,,,,,,,,
188,189,2015-12-26,1,Additional_National_Ecuador_Navidad+1_false,,,,Additional,National,Ecuador,Navidad+1,False,,,,,,,,,,,,,,,
189,190,2015-12-31,1,Additional_National_Ecuador_Primer dia del ano-1_false,,,,Additional,National,Ecuador,Primer dia del ano-1,False,,,,,,,,,,,,,,,
190,191,2016-01-01,1,Holiday_National_Ecuador_Primer dia del ano_false,,,,Holiday,National,Ecuador,Primer dia del ano,False,,,,,,,,,,,,,,,
191,192,2016-02-08,1,Holiday_National_Ecuador_Carnaval_false,,,,Holiday,National,Ecuador,Carnaval,False,,,,,,,,,,,,,,,
192,193,2016-02-09,1,Holiday_National_Ecuador_Carnaval_false,,,,Holiday,National,Ecuador,Carnaval,False,,,,,,,,,,,,,,,
193,194,2016-03-02,1,Holiday_Local_Manta_Fundacion de Manta_false,,,,Holiday,Local,Manta,Fundacion de Manta,False,,,,,,,,,,,,,,,
194,195,2016-03-25,1,Holiday_National_Ecuador_Viernes Santo_false,,,,Holiday,National,Ecuador,Viernes Santo,False,,,,,,,,,,,,,,,
195,196,2016-04-01,1,Holiday_Regional_Cotopaxi_Provincializacion de Cotopaxi_false,,,,Holiday,Regional,Cotopaxi,Provincializacion de Cotopaxi,False,,,,,,,,,,,,,,,
196,197,2016-04-12,1,Holiday_Local_Cuenca_Fundacion de Cuenca_false,,,,Holiday,Local,Cuenca,Fundacion de Cuenca,False,,,,,,,,,,,,,,,
197,198,2016-04-14,1,Holiday_Local_Libertad_Cantonizacion de Libertad_false,,,,Holiday,Local,Libertad,Cantonizacion de Libertad,False,,,,,,,,,,,,,,,
198,199,2016-04-16,1,Event_National_Ecuador_Terremoto Manabi_false,,,,Event,National,Ecuador,Terremoto Manabi,False,,,,,,,,,,,,,,,
199,200,2016-04-17,1,Event_National_Ecuador_Terremoto Manabi+1_false,,,,Event,National,Ecuador,Terremoto Manabi+1,False,,,,,,,,,,,,,,,
200,201,2016-04-18,1,Event_National_Ecuador_Terremoto Manabi+2_false,,,,Event,National,Ecuador,Terremoto Manabi+2,False,,,,,,,,,,,,,,,
201,202,2016-04-19,1,Event_National_Ecuador_Terremoto Manabi+3_false,,,,Event,National,Ecuador,Terremoto Manabi+3,False,,,,,,,,,,,,,,,
202,203,2016-04-20,1,Event_National_Ecuador_Terremoto Manabi+4_false,,,,Event,National,Ecuador,Terremoto Manabi+4,False,,,,,,,,,,,,,,,
203,204,2016-04-21,2,Holiday_Local_Riobamba_Cantonizacion de Riobamba_false,Event_National_Ecuador_Terremoto Manabi+5_false,,,Holiday,Local,Riobamba,Cantonizacion de Riobamba,False,Event,National,Ecuador,Terremoto Manabi+5,False,,,,,,,,,,
204,205,2016-04-22,1,Event_National_Ecuador_Terremoto Manabi+6_false,,,,Event,National,Ecuador,Terremoto Manabi+6,False,,,,,,,,,,,,,,,
205,206,2016-04-23,1,Event_National_Ecuador_Terremoto Manabi+7_false,,,,Event,National,Ecuador,Terremoto Manabi+7,False,,,,,,,,,,,,,,,
206,207,2016-04-24,1,Event_National_Ecuador_Terremoto Manabi+8_false,,,,Event,National,Ecuador,Terremoto Manabi+8,False,,,,,,,,,,,,,,,
207,208,2016-04-25,1,Event_National_Ecuador_Terremoto Manabi+9_false,,,,Event,National,Ecuador,Terremoto Manabi+9,False,,,,,,,,,,,,,,,
208,209,2016-04-26,1,Event_National_Ecuador_Terremoto Manabi+10_false,,,,Event,National,Ecuador,Terremoto Manabi+10,False,,,,,,,,,,,,,,,
209,210,2016-04-27,1,Event_National_Ecuador_Terremoto Manabi+11_false,,,,Event,National,Ecuador,Terremoto Manabi+11,False,,,,,,,,,,,,,,,
210,211,2016-04-28,1,Event_National_Ecuador_Terremoto Manabi+12_false,,,,Event,National,Ecuador,Terremoto Manabi+12,False,,,,,,,,,,,,,,,
211,212,2016-04-29,1,Event_National_Ecuador_Terremoto Manabi+13_false,,,,Event,National,Ecuador,Terremoto Manabi+13,False,,,,,,,,,,,,,,,
212,213,2016-04-30,1,Event_National_Ecuador_Terremoto Manabi+14_false,,,,Event,National,Ecuador,Terremoto Manabi+14,False,,,,,,,,,,,,,,,
213,214,2016-05-01,2,Holiday_National_Ecuador_Dia del Trabajo_false,Event_National_Ecuador_Terremoto Manabi+15_false,,,Holiday,National,Ecuador,Dia del Trabajo,False,Event,National,Ecuador,Terremoto Manabi+15,False,,,,,,,,,,
214,215,2016-05-02,1,Event_National_Ecuador_Terremoto Manabi+16_false,,,,Event,National,Ecuador,Terremoto Manabi+16,False,,,,,,,,,,,,,,,
215,216,2016-05-03,1,Event_National_Ecuador_Terremoto Manabi+17_false,,,,Event,National,Ecuador,Terremoto Manabi+17,False,,,,,,,,,,,,,,,
216,217,2016-05-04,1,Event_National_Ecuador_Terremoto Manabi+18_false,,,,Event,National,Ecuador,Terremoto Manabi+18,False,,,,,,,,,,,,,,,
217,218,2016-05-05,1,Event_National_Ecuador_Terremoto Manabi+19_false,,,,Event,National,Ecuador,Terremoto Manabi+19,False,,,,,,,,,,,,,,,
218,219,2016-05-06,1,Event_National_Ecuador_Terremoto Manabi+20_false,,,,Event,National,Ecuador,Terremoto Manabi+20,False,,,,,,,,,,,,,,,
219,220,2016-05-07,2,Additional_National_Ecuador_Dia de la Madre-1_false,Event_National_Ecuador_Terremoto Manabi+21_false,,,Additional,National,Ecuador,Dia de la Madre-1,False,Event,National,Ecuador,Terremoto Manabi+21,False,,,,,,,,,,
220,221,2016-05-08,2,Event_National_Ecuador_Terremoto Manabi+22_false,Event_National_Ecuador_Dia de la Madre_false,,,Event,National,Ecuador,Terremoto Manabi+22,False,Event,National,Ecuador,Dia de la Madre,False,,,,,,,,,,
221,222,2016-05-09,1,Event_National_Ecuador_Terremoto Manabi+23_false,,,,Event,National,Ecuador,Terremoto Manabi+23,False,,,,,,,,,,,,,,,
222,223,2016-05-10,1,Event_National_Ecuador_Terremoto Manabi+24_false,,,,Event,National,Ecuador,Terremoto Manabi+24,False,,,,,,,,,,,,,,,
223,224,2016-05-11,1,Event_National_Ecuador_Terremoto Manabi+25_false,,,,Event,National,Ecuador,Terremoto Manabi+25,False,,,,,,,,,,,,,,,
224,225,2016-05-12,2,Holiday_Local_Puyo_Cantonizacion del Puyo_false,Event_National_Ecuador_Terremoto Manabi+26_false,,,Holiday,Local,Puyo,Cantonizacion del Puyo,False,Event,National,Ecuador,Terremoto Manabi+26,False,,,,,,,,,,
225,226,2016-05-13,1,Event_National_Ecuador_Terremoto Manabi+27_false,,,,Event,National,Ecuador,Terremoto Manabi+27,False,,,,,,,,,,,,,,,
226,227,2016-05-14,1,Event_National_Ecuador_Terremoto Manabi+28_false,,,,Event,National,Ecuador,Terremoto Manabi+28,False,,,,,,,,,,,,,,,
227,228,2016-05-15,1,Event_National_Ecuador_Terremoto Manabi+29_false,,,,Event,National,Ecuador,Terremoto Manabi+29,False,,,,,,,,,,,,,,,
228,229,2016-05-16,1,Event_National_Ecuador_Terremoto Manabi+30_false,,,,Event,National,Ecuador,Terremoto Manabi+30,False,,,,,,,,,,,,,,,
229,230,2016-05-24,1,Holiday_National_Ecuador_Batalla de Pichincha_true,,,,Holiday,National,Ecuador,Batalla de Pichincha,True,,,,,,,,,,,,,,,
230,231,2016-05-27,1,Transfer_National_Ecuador_Traslado Batalla de Pichincha_false,,,,Transfer,National,Ecuador,Traslado Batalla de Pichincha,False,,,,,,,,,,,,,,,
231,232,2016-06-23,1,Holiday_Local_Guaranda_Cantonizacion de Guaranda_false,,,,Holiday,Local,Guaranda,Cantonizacion de Guaranda,False,,,,,,,,,,,,,,,
232,233,2016-06-25,3,Holiday_Local_Machala_Fundacion de Machala_false,Holiday_Regional_Imbabura_Provincializacion de Imbabura_false,Holiday_Local_Latacunga_Cantonizacion de Latacunga_false,,Holiday,Local,Machala,Fundacion de Machala,False,Holiday,Regional,Imbabura,Provincializacion de Imbabura,False,Holiday,Local,Latacunga,Cantonizacion de Latacunga,False,,,,,
233,234,2016-07-03,2,Holiday_Local_El Carmen_Cantonizacion de El Carmen_false,Holiday_Local_Santo Domingo_Fundacion de Santo Domingo_false,,,Holiday,Local,El Carmen,Cantonizacion de El Carmen,False,Holiday,Local,Santo Domingo,Fundacion de Santo Domingo,False,,,,,,,,,,
234,235,2016-07-23,1,Holiday_Local_Cayambe_Cantonizacion de Cayambe_false,,,,Holiday,Local,Cayambe,Cantonizacion de Cayambe,False,,,,,,,,,,,,,,,
235,236,2016-07-24,2,Additional_Local_Guayaquil_Fundacion de Guayaquil-1_false,Transfer_Local_Guayaquil_Traslado Fundacion de Guayaquil_false,,,Additional,Local,Guayaquil,Fundacion de Guayaquil-1,False,Transfer,Local,Guayaquil,Traslado Fundacion de Guayaquil,False,,,,,,,,,,
236,237,2016-07-25,1,Holiday_Local_Guayaquil_Fundacion de Guayaquil_true,,,,Holiday,Local,Guayaquil,Fundacion de Guayaquil,True,,,,,,,,,,,,,,,
237,238,2016-08-05,1,Holiday_Local_Esmeraldas_Fundacion de Esmeraldas_false,,,,Holiday,Local,Esmeraldas,Fundacion de Esmeraldas,False,,,,,,,,,,,,,,,
238,239,2016-08-10,1,Holiday_National_Ecuador_Primer Grito de Independencia_true,,,,Holiday,National,Ecuador,Primer Grito de Independencia,True,,,,,,,,,,,,,,,
239,240,2016-08-12,1,Transfer_National_Ecuador_Traslado Primer Grito de Independencia_false,,,,Transfer,National,Ecuador,Traslado Primer Grito de Independencia,False,,,,,,,,,,,,,,,
240,241,2016-08-15,1,Holiday_Local_Riobamba_Fundacion de Riobamba_false,,,,Holiday,Local,Riobamba,Fundacion de Riobamba,False,,,,,,,,,,,,,,,
241,242,2016-08-24,1,Holiday_Local_Ambato_Fundacion de Ambato_false,,,,Holiday,Local,Ambato,Fundacion de Ambato,False,,,,,,,,,,,,,,,
242,243,2016-09-28,1,Holiday_Local_Ibarra_Fundacion de Ibarra_false,,,,Holiday,Local,Ibarra,Fundacion de Ibarra,False,,,,,,,,,,,,,,,
243,244,2016-10-07,1,Holiday_Local_Quevedo_Cantonizacion de Quevedo_false,,,,Holiday,Local,Quevedo,Cantonizacion de Quevedo,False,,,,,,,,,,,,,,,
244,245,2016-10-09,1,Holiday_National_Ecuador_Independencia de Guayaquil_false,,,,Holiday,National,Ecuador,Independencia de Guayaquil,False,,,,,,,,,,,,,,,
245,246,2016-11-02,1,Holiday_National_Ecuador_Dia de Difuntos_false,,,,Holiday,National,Ecuador,Dia de Difuntos,False,,,,,,,,,,,,,,,
246,247,2016-11-03,1,Holiday_National_Ecuador_Independencia de Cuenca_false,,,,Holiday,National,Ecuador,Independencia de Cuenca,False,,,,,,,,,,,,,,,
247,248,2016-11-04,1,Bridge_National_Ecuador_Puente Dia de Difuntos_false,,,,Bridge,National,Ecuador,Puente Dia de Difuntos,False,,,,,,,,,,,,,,,
248,249,2016-11-06,1,Holiday_Regional_Santo Domingo de los Tsachilas_Provincializacion de Santo Domingo_false,,,,Holiday,Regional,Santo Domingo de los Tsachilas,Provincializacion de Santo Domingo,False,,,,,,,,,,,,,,,
249,250,2016-11-07,1,Holiday_Regional_Santa Elena_Provincializacion Santa Elena_false,,,,Holiday,Regional,Santa Elena,Provincializacion Santa Elena,False,,,,,,,,,,,,,,,
250,251,2016-11-10,1,Holiday_Local_Guaranda_Independencia de Guaranda_false,,,,Holiday,Local,Guaranda,Independencia de Guaranda,False,,,,,,,,,,,,,,,
251,252,2016-11-11,1,Holiday_Local_Latacunga_Independencia de Latacunga_false,,,,Holiday,Local,Latacunga,Independencia de Latacunga,False,,,,,,,,,,,,,,,
252,253,2016-11-12,2,Holiday_Local_Ambato_Independencia de Ambato_false,Work Day_National_Ecuador_Recupero Puente Dia de Difuntos_false,,,Holiday,Local,Ambato,Independencia de Ambato,False,Work Day,National,Ecuador,Recupero Puente Dia de Difuntos,False,,,,,,,,,,
253,254,2016-11-25,1,Event_National_Ecuador_Black Friday_false,,,,Event,National,Ecuador,Black Friday,False,,,,,,,,,,,,,,,
254,255,2016-11-28,1,Event_National_Ecuador_Cyber Monday_false,,,,Event,National,Ecuador,Cyber Monday,False,,,,,,,,,,,,,,,
255,256,2016-12-05,1,Additional_Local_Quito_Fundacion de Quito-1_false,,,,Additional,Local,Quito,Fundacion de Quito-1,False,,,,,,,,,,,,,,,
256,257,2016-12-06,1,Holiday_Local_Quito_Fundacion de Quito_false,,,,Holiday,Local,Quito,Fundacion de Quito,False,,,,,,,,,,,,,,,
257,258,2016-12-08,1,Holiday_Local_Loja_Fundacion de Loja_false,,,,Holiday,Local,Loja,Fundacion de Loja,False,,,,,,,,,,,,,,,
258,259,2016-12-21,1,Additional_National_Ecuador_Navidad-4_false,,,,Additional,National,Ecuador,Navidad-4,False,,,,,,,,,,,,,,,
259,260,2016-12-22,2,Additional_National_Ecuador_Navidad-3_false,Holiday_Local_Salinas_Cantonizacion de Salinas_false,,,Additional,National,Ecuador,Navidad-3,False,Holiday,Local,Salinas,Cantonizacion de Salinas,False,,,,,,,,,,
260,261,2016-12-23,1,Additional_National_Ecuador_Navidad-2_false,,,,Additional,National,Ecuador,Navidad-2,False,,,,,,,,,,,,,,,
261,262,2016-12-24,1,Additional_National_Ecuador_Navidad-1_false,,,,Additional,National,Ecuador,Navidad-1,False,,,,,,,,,,,,,,,
262,263,2016-12-25,1,Holiday_National_Ecuador_Navidad_false,,,,Holiday,National,Ecuador,Navidad,False,,,,,,,,,,,,,,,
263,264,2016-12-26,1,Additional_National_Ecuador_Navidad+1_false,,,,Additional,National,Ecuador,Navidad+1,False,,,,,,,,,,,,,,,
264,265,2016-12-31,1,Additional_National_Ecuador_Primer dia del ano-1_false,,,,Additional,National,Ecuador,Primer dia del ano-1,False,,,,,,,,,,,,,,,
265,266,2017-01-01,1,Holiday_National_Ecuador_Primer dia del ano_true,,,,Holiday,National,Ecuador,Primer dia del ano,True,,,,,,,,,,,,,,,
266,267,2017-01-02,1,Transfer_National_Ecuador_Traslado Primer dia del ano_false,,,,Transfer,National,Ecuador,Traslado Primer dia del ano,False,,,,,,,,,,,,,,,
267,268,2017-02-27,1,Holiday_National_Ecuador_Carnaval_false,,,,Holiday,National,Ecuador,Carnaval,False,,,,,,,,,,,,,,,
268,269,2017-02-28,1,Holiday_National_Ecuador_Carnaval_false,,,,Holiday,National,Ecuador,Carnaval,False,,,,,,,,,,,,,,,
269,270,2017-03-02,1,Holiday_Local_Manta_Fundacion de Manta_false,,,,Holiday,Local,Manta,Fundacion de Manta,False,,,,,,,,,,,,,,,
270,271,2017-04-01,1,Holiday_Regional_Cotopaxi_Provincializacion de Cotopaxi_false,,,,Holiday,Regional,Cotopaxi,Provincializacion de Cotopaxi,False,,,,,,,,,,,,,,,
271,272,2017-04-12,1,Holiday_Local_Cuenca_Fundacion de Cuenca_true,,,,Holiday,Local,Cuenca,Fundacion de Cuenca,True,,,,,,,,,,,,,,,
272,273,2017-04-13,1,Transfer_Local_Cuenca_Fundacion de Cuenca_false,,,,Transfer,Local,Cuenca,Fundacion de Cuenca,False,,,,,,,,,,,,,,,
273,274,2017-04-14,2,Holiday_Local_Libertad_Cantonizacion de Libertad_false,Holiday_National_Ecuador_Viernes Santo_false,,,Holiday,Local,Libertad,Cantonizacion de Libertad,False,Holiday,National,Ecuador,Viernes Santo,False,,,,,,,,,,
274,275,2017-04-21,1,Holiday_Local_Riobamba_Cantonizacion de Riobamba_false,,,,Holiday,Local,Riobamba,Cantonizacion de Riobamba,False,,,,,,,,,,,,,,,
275,276,2017-05-01,1,Holiday_National_Ecuador_Dia del Trabajo_false,,,,Holiday,National,Ecuador,Dia del Trabajo,False,,,,,,,,,,,,,,,
276,277,2017-05-12,1,Holiday_Local_Puyo_Cantonizacion del Puyo_false,,,,Holiday,Local,Puyo,Cantonizacion del Puyo,False,,,,,,,,,,,,,,,
277,278,2017-05-13,1,Additional_National_Ecuador_Dia de la Madre-1_false,,,,Additional,National,Ecuador,Dia de la Madre-1,False,,,,,,,,,,,,,,,
278,279,2017-05-14,1,Event_National_Ecuador_Dia de la Madre_false,,,,Event,National,Ecuador,Dia de la Madre,False,,,,,,,,,,,,,,,
279,280,2017-05-24,1,Holiday_National_Ecuador_Batalla de Pichincha_true,,,,Holiday,National,Ecuador,Batalla de Pichincha,True,,,,,,,,,,,,,,,
280,281,2017-05-26,1,Transfer_National_Ecuador_Traslado Batalla de Pichincha_false,,,,Transfer,National,Ecuador,Traslado Batalla de Pichincha,False,,,,,,,,,,,,,,,
281,282,2017-06-23,1,Holiday_Local_Guaranda_Cantonizacion de Guaranda_false,,,,Holiday,Local,Guaranda,Cantonizacion de Guaranda,False,,,,,,,,,,,,,,,
282,283,2017-06-25,3,Holiday_Regional_Imbabura_Provincializacion de Imbabura_false,Holiday_Local_Latacunga_Cantonizacion de Latacunga_false,Holiday_Local_Machala_Fundacion de Machala_false,,Holiday,Regional,Imbabura,Provincializacion de Imbabura,False,Holiday,Local,Latacunga,Cantonizacion de Latacunga,False,Holiday,Local,Machala,Fundacion de Machala,False,,,,,
283,284,2017-07-03,2,Holiday_Local_El Carmen_Cantonizacion de El Carmen_false,Holiday_Local_Santo Domingo_Fundacion de Santo Domingo_false,,,Holiday,Local,El Carmen,Cantonizacion de El Carmen,False,Holiday,Local,Santo Domingo,Fundacion de Santo Domingo,False,,,,,,,,,,
284,285,2017-07-23,1,Holiday_Local_Cayambe_Cantonizacion de Cayambe_false,,,,Holiday,Local,Cayambe,Cantonizacion de Cayambe,False,,,,,,,,,,,,,,,
285,286,2017-07-24,1,Additional_Local_Guayaquil_Fundacion de Guayaquil-1_false,,,,Additional,Local,Guayaquil,Fundacion de Guayaquil-1,False,,,,,,,,,,,,,,,
286,287,2017-07-25,1,Additional_Local_Guayaquil_Fundacion de Guayaquil_false,,,,Additional,Local,Guayaquil,Fundacion de Guayaquil,False,,,,,,,,,,,,,,,
287,288,2017-08-05,1,Holiday_Local_Esmeraldas_Fundacion de Esmeraldas_false,,,,Holiday,Local,Esmeraldas,Fundacion de Esmeraldas,False,,,,,,,,,,,,,,,
288,289,2017-08-10,1,Holiday_National_Ecuador_Primer Grito de Independencia_true,,,,Holiday,National,Ecuador,Primer Grito de Independencia,True,,,,,,,,,,,,,,,
289,290,2017-08-11,1,Transfer_National_Ecuador_Traslado Primer Grito de Independencia_false,,,,Transfer,National,Ecuador,Traslado Primer Grito de Independencia,False,,,,,,,,,,,,,,,
290,291,2017-08-15,1,Holiday_Local_Riobamba_Fundacion de Riobamba_false,,,,Holiday,Local,Riobamba,Fundacion de Riobamba,False,,,,,,,,,,,,,,,
291,292,2017-08-24,1,Holiday_Local_Ambato_Fundacion de Ambato_false,,,,Holiday,Local,Ambato,Fundacion de Ambato,False,,,,,,,,,,,,,,,
292,293,2017-09-28,1,Holiday_Local_Ibarra_Fundacion de Ibarra_true,,,,Holiday,Local,Ibarra,Fundacion de Ibarra,True,,,,,,,,,,,,,,,
293,294,2017-09-29,1,Transfer_Local_Ibarra_Fundacion de Ibarra_false,,,,Transfer,Local,Ibarra,Fundacion de Ibarra,False,,,,,,,,,,,,,,,
294,295,2017-10-07,1,Holiday_Local_Quevedo_Cantonizacion de Quevedo_false,,,,Holiday,Local,Quevedo,Cantonizacion de Quevedo,False,,,,,,,,,,,,,,,
295,296,2017-10-09,1,Holiday_National_Ecuador_Independencia de Guayaquil_false,,,,Holiday,National,Ecuador,Independencia de Guayaquil,False,,,,,,,,,,,,,,,
296,297,2017-11-02,1,Holiday_National_Ecuador_Dia de Difuntos_false,,,,Holiday,National,Ecuador,Dia de Difuntos,False,,,,,,,,,,,,,,,
297,298,2017-11-03,1,Holiday_National_Ecuador_Independencia de Cuenca_false,,,,Holiday,National,Ecuador,Independencia de Cuenca,False,,,,,,,,,,,,,,,
298,299,2017-11-06,1,Holiday_Regional_Santo Domingo de los Tsachilas_Provincializacion de Santo Domingo_false,,,,Holiday,Regional,Santo Domingo de los Tsachilas,Provincializacion de Santo Domingo,False,,,,,,,,,,,,,,,
299,300,2017-11-07,1,Holiday_Regional_Santa Elena_Provincializacion Santa Elena_false,,,,Holiday,Regional,Santa Elena,Provincializacion Santa Elena,False,,,,,,,,,,,,,,,
300,301,2017-11-10,1,Holiday_Local_Guaranda_Independencia de Guaranda_false,,,,Holiday,Local,Guaranda,Independencia de Guaranda,False,,,,,,,,,,,,,,,
301,302,2017-11-11,1,Holiday_Local_Latacunga_Independencia de Latacunga_false,,,,Holiday,Local,Latacunga,Independencia de Latacunga,False,,,,,,,,,,,,,,,
302,303,2017-11-12,1,Holiday_Local_Ambato_Independencia de Ambato_false,,,,Holiday,Local,Ambato,Independencia de Ambato,False,,,,,,,,,,,,,,,
303,304,2017-12-05,1,Additional_Local_Quito_Fundacion de Quito-1_false,,,,Additional,Local,Quito,Fundacion de Quito-1,False,,,,,,,,,,,,,,,
304,305,2017-12-06,1,Holiday_Local_Quito_Fundacion de Quito_true,,,,Holiday,Local,Quito,Fundacion de Quito,True,,,,,,,,,,,,,,,
305,306,2017-12-08,2,Holiday_Local_Loja_Fundacion de Loja_false,Transfer_Local_Quito_Traslado Fundacion de Quito_false,,,Holiday,Local,Loja,Fundacion de Loja,False,Transfer,Local,Quito,Traslado Fundacion de Quito,False,,,,,,,,,,
306,307,2017-12-21,1,Additional_National_Ecuador_Navidad-4_false,,,,Additional,National,Ecuador,Navidad-4,False,,,,,,,,,,,,,,,
307,308,2017-12-22,2,Holiday_Local_Salinas_Cantonizacion de Salinas_false,Additional_National_Ecuador_Navidad-3_false,,,Holiday,Local,Salinas,Cantonizacion de Salinas,False,Additional,National,Ecuador,Navidad-3,False,,,,,,,,,,
308,309,2017-12-23,1,Additional_National_Ecuador_Navidad-2_false,,,,Additional,National,Ecuador,Navidad-2,False,,,,,,,,,,,,,,,
309,310,2017-12-24,1,Additional_National_Ecuador_Navidad-1_false,,,,Additional,National,Ecuador,Navidad-1,False,,,,,,,,,,,,,,,
310,311,2017-12-25,1,Holiday_National_Ecuador_Navidad_false,,,,Holiday,National,Ecuador,Navidad,False,,,,,,,,,,,,,,,
311,312,2017-12-26,1,Additional_National_Ecuador_Navidad+1_false,,,,Additional,National,Ecuador,Navidad+1,False,,,,,,,,,,,,,,,
